[
  {
    "key": "ineraNationellKundservice",
    "url": "http://www.inera.se/felanmalan",
    "text": "Ineras kundservice",
    "target": "_blank"
  },
  {
    "key": "ineraNationellKundserviceFelanmalan",
    "url": "http://www.inera.se/felanmalan",
    "text": "Kontaktinformation till Kundservice",
    "target": "_blank"
  },
  {
    "key": "ptsCookies",
    "url": "https://pts.se/sv/privat/internet/integritet/kakor-cookies/",
    "text": "Post- och telestyrelsens webbplats.",
    "target": "_blank"
  },
  {
    "key": "ptsCookiesBanner",
    "url": "https://pts.se/sv/privat/internet/integritet/kakor-cookies/",
    "text": "Post- och telestyrelsens webbplats",
    "target": "_blank"
  },
  {
    "key": "statistiktjanstenTooltip",
    "url": "https://statistik.intygstjanster.se/",
    "text": "Gå vidare till Intygsstatistik",
    "tooltip": "Observera att om du inte har behörighet till Intygsstatistik så kan du endast se den nationella statistiken som är tillgänglig för alla.",
    "target": "_blank"
  },
  {
    "key": "statistiktjansten",
    "url": "https://statistik.intygstjanster.se/",
    "text": "Intygsstatistik",
    "target": "_blank"
  },
  {
    "key": "ineraHomepage",
    "url": "https://www.inera.se",
    "text": "www.inera.se",
    "target": "_blank"
  },
  {
    "key": "ineraMainPage",
    "url": "https://www.inera.se",
    "text": "Inera AB",
    "target": "_blank"
  },
  {
    "key": "ineraKundservice",
    "url": "https://www.inera.se/kundservice",
    "text": "Hjälp och support",
    "target": "_blank"
  },
  {
    "key": "rehabstodAnvandarmanual",
    "url": "https://www.inera.se/kundservice/dokument-och-lankar/tjanster/rehabstod/",
    "text": "användarmanual",
    "target": "_blank"
  },
  {
    "key": "rattsjukskrivning",
    "url": "http://www.rattsjukskrivning.se",
    "text": "Gå vidare till SRS hemsida",
    "target": "_blank"
  },
  {
    "key": "rehabstodAnvandarmanualPdf",
    "url": "https://www.inera.se/kundservice/dokument-och-lankar/tjanster/rehabstod/",
    "text": "Läs mer om behörigheter",
    "target": "_blank"
  }
]
